split,n_shots,goal_rate,roc_auc,average_precision,log_loss,brier_score,mean_pred_xg
train,34159,0.11130302409321116,0.7919022227462338,0.4064316967328563,0.28519176041400235,0.08155507843078165,0.11131212469094347
test_epl,8881,0.11124873325076005,0.7857006105445762,0.3747391519437459,0.29089340501433775,0.08383886209584432,0.11405230725938267
